{"cameraMode":{"drawMode":0,"name":"Shaded","section":"Shading Mode"},"sceneLighting":false,"audioPlay":false,"sceneViewState":{"showFog":true,"showMaterialUpdate":true,"showSkybox":true,"showFlares":true,"showImageEffects":true,"showParticleSystems":true},"in2DMode":false,"pivot":{"x":-15.243488311767579,"y":5.228662490844727,"z":-11.455371856689454},"rotation":{"x":0.010825414210557938,"y":0.8922156095504761,"z":-0.450973242521286,"w":0.021417243406176568},"size":96.90189361572266,"orthographic":false}