{"cameraMode":{"drawMode":0,"name":"Shaded","section":"Shading Mode"},"sceneLighting":false,"audioPlay":false,"sceneViewState":{"showFog":true,"showMaterialUpdate":true,"showSkybox":true,"showFlares":true,"showImageEffects":true,"showParticleSystems":true},"in2DMode":false,"pivot":{"x":0.36997848749160769,"y":1.1544584035873414,"z":-0.03795994818210602},"rotation":{"x":0.3368268311023712,"y":0.5727893114089966,"z":-0.27785560488700869,"w":0.6938840746879578},"size":14.205845832824707,"orthographic":false}