{"cameraMode":{"drawMode":0,"name":"Shaded","section":"Shading Mode"},"sceneLighting":false,"audioPlay":false,"sceneViewState":{"showFog":true,"showMaterialUpdate":true,"showSkybox":false,"showFlares":true,"showImageEffects":true,"showParticleSystems":true},"in2DMode":false,"pivot":{"x":-0.06626081466674805,"y":0.2262592315673828,"z":-0.21441146731376649},"rotation":{"x":-0.12323470413684845,"y":0.6466019749641419,"z":-0.10682334005832672,"w":-0.745292603969574},"size":3.1075937747955324,"orthographic":false}