{"cameraMode":{"drawMode":0,"name":"Shaded","section":"Shading Mode"},"sceneLighting":false,"audioPlay":false,"sceneViewState":{"showFog":true,"showMaterialUpdate":true,"showSkybox":true,"showFlares":true,"showImageEffects":true,"showParticleSystems":true},"in2DMode":false,"pivot":{"x":8.4981689453125,"y":6.655674934387207,"z":-14.108054161071778},"rotation":{"x":-0.04981483519077301,"y":0.23214268684387208,"z":-0.012227770872414112,"w":-0.9714649319648743},"size":20.714942932128908,"orthographic":false}