{"cameraMode":{"drawMode":0,"name":"Shaded","section":"Shading Mode"},"sceneLighting":false,"audioPlay":false,"sceneViewState":{"showFog":true,"showMaterialUpdate":true,"showSkybox":true,"showFlares":true,"showImageEffects":true,"showParticleSystems":true},"in2DMode":false,"pivot":{"x":-48.76324462890625,"y":-0.6464805603027344,"z":-2.2697677612304689},"rotation":{"x":-0.12016226351261139,"y":0.8583491444587708,"z":-0.23526440560817719,"w":-0.4401528835296631},"size":34.48704147338867,"orthographic":false}