{"cameraMode":{"drawMode":0,"name":"Shaded","section":"Shading Mode"},"sceneLighting":false,"audioPlay":false,"sceneViewState":{"showFog":true,"showMaterialUpdate":true,"showSkybox":true,"showFlares":true,"showImageEffects":true,"showParticleSystems":true},"in2DMode":false,"pivot":{"x":0.6627072691917419,"y":3.547724723815918,"z":2.6320624351501467},"rotation":{"x":-0.08123905956745148,"y":0.8694515824317932,"z":-0.46298274397850039,"w":-0.1525541990995407},"size":3.2805464267730715,"orthographic":false}