{"cameraMode":{"drawMode":0,"name":"Shaded","section":"Shading Mode"},"sceneLighting":false,"audioPlay":false,"sceneViewState":{"showFog":true,"showMaterialUpdate":false,"showSkybox":false,"showFlares":true,"showImageEffects":true,"showParticleSystems":true},"in2DMode":false,"pivot":{"x":0.45914140343666079,"y":0.5246249437332153,"z":-0.40052464604377749},"rotation":{"x":-0.5934327244758606,"y":0.014018955640494824,"z":-0.010318341664969921,"w":-0.8047472238540649},"size":1.6075940132141114,"orthographic":false}