{"cameraMode":{"drawMode":0,"name":"Shaded","section":"Shading Mode"},"sceneLighting":true,"audioPlay":false,"sceneViewState":{"showFog":true,"showMaterialUpdate":false,"showSkybox":true,"showFlares":true,"showImageEffects":true,"showParticleSystems":true},"in2DMode":false,"pivot":{"x":-0.8680758476257324,"y":7.787137031555176,"z":-34.669029235839847},"rotation":{"x":-0.009261325933039189,"y":0.9855751991271973,"z":-0.15894849598407746,"w":-0.05742919072508812},"size":53.57530212402344,"orthographic":false}