{"cameraMode":{"drawMode":0,"name":"Shaded","section":"Shading Mode"},"sceneLighting":true,"audioPlay":false,"sceneViewState":{"showFog":true,"showMaterialUpdate":false,"showSkybox":true,"showFlares":true,"showImageEffects":true,"showParticleSystems":true},"in2DMode":false,"pivot":{"x":-4.12783145904541,"y":3.390270233154297,"z":59.983245849609378},"rotation":{"x":-0.041678592562675479,"y":0.9572047591209412,"z":-0.17745783925056458,"w":-0.22482876479625703},"size":221.95498657226563,"orthographic":false}