{"cameraMode":{"drawMode":0,"name":"Shaded","section":"Shading Mode"},"sceneLighting":true,"audioPlay":false,"sceneViewState":{"showFog":true,"showMaterialUpdate":false,"showSkybox":true,"showFlares":true,"showImageEffects":true,"showParticleSystems":true},"in2DMode":false,"pivot":{"x":-0.8680758476257324,"y":7.787137031555176,"z":-34.669029235839847},"rotation":{"x":0.0007498887134715915,"y":0.9877087473869324,"z":-0.1562539041042328,"w":0.004736924543976784},"size":293.9627685546875,"orthographic":false}