{"cameraMode":{"drawMode":0,"name":"Shaded","section":"Shading Mode"},"sceneLighting":true,"audioPlay":false,"sceneViewState":{"showFog":true,"showMaterialUpdate":false,"showSkybox":true,"showFlares":true,"showImageEffects":true,"showParticleSystems":true},"in2DMode":false,"pivot":{"x":-15.174846649169922,"y":7.365478515625,"z":20.03296661376953},"rotation":{"x":-0.017441991716623308,"y":-0.978234052658081,"z":0.09212664514780045,"w":-0.18529929220676423},"size":331.5894470214844,"orthographic":true}