{"cameraMode":{"drawMode":0,"name":"Shaded","section":"Shading Mode"},"sceneLighting":true,"audioPlay":false,"sceneViewState":{"showFog":true,"showMaterialUpdate":false,"showSkybox":true,"showFlares":true,"showImageEffects":true,"showParticleSystems":true},"in2DMode":false,"pivot":{"x":-3.1301565170288088,"y":5.208568572998047,"z":161.51170349121095},"rotation":{"x":0.2588403820991516,"y":0.023180024698376657,"z":-0.00621351832523942,"w":0.965626060962677},"size":9.361738204956055,"orthographic":false}